distance (m)	Ithr (A)
0.0001	-8.115781021773635e-06
0.00019999999999999998	-2.264564704462644e-05
0.0003	-4.378594760940769e-05
0.00039999999999999996	-7.225663103256516e-05
