t stim (m)	thr (A for electric/Pa for US)
1e-05	nan
2.1544346900318823e-05	nan
4.641588833612782e-05	84503.65538506307
0.0001	51002.34944036892
0.00021544346900318823	44442.48389773011
0.00046415888336127773	43329.00118569548
0.001	43086.93972655752
0.002154434690031882	43038.52743472993
0.004641588833612777	43038.52743472993
0.01	43038.52743472993
