t stim (m)	thr (A for electric/Pa for US)
1e-05	nan
2.1544346900318823e-05	nan
4.641588833612782e-05	167167.64368067766
0.0001	102149.93575622063
0.00021544346900318823	88981.7923791154
0.00046415888336127773	86609.59007956336
0.001	86149.67330720123
0.002154434690031882	86077.05486945984
0.004641588833612777	86077.05486945984
0.01	86077.05486945984
