t stim (m)	thr (A for electric/Pa for US)
1e-05	nan
2.1544346900318823e-05	nan
4.641588833612782e-05	143348.79610150203
0.0001	88642.90633632225
0.00021544346900318823	77217.60546501036
0.00046415888336127773	75014.8461868549
0.001	74627.54785223416
0.002154434690031882	74554.92941449278
0.004641588833612777	74554.92941449278
0.01	74554.92941449278
