tstim (s)	Ithr (A)
1e-06	nan
3.1622776601683795e-05	-0.006960516603114773
0.001	-0.001443936954901469
0.03162277660168379	-0.001402284927356234
1.0	-0.001402284927356234
