tstim (s)	Ithr (A)
1e-06	nan
3.1622776601683795e-05	nan
0.001	-0.010588871002610772
0.03162277660168379	-0.0009394846212980712
1.0	-0.0007381664881627701
