t stim (m)	thr (A for electric/Pa for US)
1e-05	nan
1.8329807108324375e-05	nan
3.359818286283781e-05	nan
6.158482110660267e-05	nan
