t stim (m)	thr (A for electric/Pa for US)
1e-05	nan
2.1544346900318823e-05	nan
4.641588833612782e-05	87819.89737525317
0.0001	51220.20475359308
0.00021544346900318823	44611.92691912668
0.00046415888336127773	43329.00118569547
0.001	43086.93972655751
0.002154434690031882	43038.52743472992
0.004641588833612777	43038.52743472992
0.01	43038.52743472992
