t stim (m)	thr (A for electric/Pa for US)
1e-05	nan
2.1544346900318823e-05	nan
4.641588833612782e-05	166707.7269083155
0.0001	99003.1367874271
0.00021544346900318823	88279.8141476153
0.00046415888336127773	86512.76549590817
0.001	86149.67330720121
0.002154434690031882	86077.05486945983
0.004641588833612777	86077.05486945983
0.01	86077.05486945983
