tstim (s)	Ithr (A)
1e-06	nan
3.1622776601683795e-05	-0.008256357460077631
0.001	-0.0003216462127104234
0.03162277660168379	-5.828391354419992e-05
1.0	-5.061878347511159e-05
