tstim (s)	Ithr (A)
1e-06	nan
3.1622776601683795e-05	nan
0.001	-0.0026564737567738566
0.03162277660168379	-0.00027999418516518867
1.0	-0.00022792915073364535
