tstim (s)	Ithr (A)
1e-06	nan
3.1622776601683795e-05	nan
0.001	-0.009256006121163262
0.03162277660168379	-0.0007451084927536427
1.0	-0.0005738723795121223
