t stim (m)	thr (A for electric/Pa for US)
1e-05	nan
2.1544346900318823e-05	nan
4.641588833612782e-05	135021.8819071561
0.0001	88013.54654256355
0.00021544346900318823	76830.30713038964
0.00046415888336127773	74990.64004094111
0.001	74603.34170632037
0.002154434690031882	74554.92941449278
0.004641588833612777	74554.92941449278
0.01	74554.92941449278
