tstim (s)	Ithr (A)
1e-06	nan
3.1622776601683795e-05	nan
0.001	-0.06723562846412993
0.03162277660168379	-0.0047205631217932635
1.0	-0.003498770313799713
