t stim (m)	thr (A for electric/Pa for US)
1e-05	nan
2.1544346900318823e-05	nan
4.641588833612782e-05	155935.9919766761
0.0001	101665.8128379447
0.00021544346900318823	88739.73091997743
0.00046415888336127773	86561.17778773577
0.001	86149.67330720121
0.002154434690031882	86077.05486945984
0.004641588833612777	86077.05486945984
0.01	86077.05486945984
