tstim (s)	Ithr (A)
1e-06	nan
3.1622776601683795e-05	-0.012699240398235997
0.001	-0.0004674283091187448
0.03162277660168379	-7.144479724772892e-05
1.0	-6.0742540170133905e-05
