t stim (m)	thr (A for electric/Pa for US)
1e-05	nan
2.1544346900318823e-05	nan
4.641588833612782e-05	nan
0.0001	nan
0.00021544346900318823	nan
0.00046415888336127773	nan
0.001	nan
0.002154434690031882	nan
0.004641588833612777	nan
0.01	nan
