t stim (m)	thr (A for electric/Pa for US)
1e-05	nan
2.1544346900318823e-05	nan
4.641588833612782e-05	169007.31077012612
0.0001	102004.69888073781
0.00021544346900318823	88884.96779546021
0.00046415888336127773	86609.59007956335
0.001	86149.67330720121
0.002154434690031882	86077.05486945983
0.004641588833612777	86077.05486945983
0.01	86077.05486945983
