tstim (s)	Ithr (A)
1e-06	nan
3.1622776601683795e-05	nan
0.001	-0.0016984771232334585
0.03162277660168379	-0.00020536763581330988
1.0	-0.00017065761285894762
