tstim (s)	Ithr (A)
1e-06	nan
3.1622776601683795e-05	nan
0.001	-0.017475339556756238
0.03162277660168379	-0.001416168936537979
1.0	-0.0011014647284184281
