t stim (m)	thr (A for electric/Pa for US)
1e-05	nan
2.1544346900318823e-05	nan
4.641588833612782e-05	83608.02798625261
0.0001	51074.96787811032
0.00021544346900318823	44490.8961895577
0.00046415888336127773	43329.00118569548
0.001	43086.93972655751
0.002154434690031882	43038.52743472992
0.004641588833612777	43038.52743472992
0.01	43038.52743472992
