tstim (s)	Ithr (A)
1e-06	nan
3.1622776601683795e-05	nan
0.001	-0.0013976569242956525
0.03162277660168379	-0.00014462509564317597
1.0	-0.0001174355776622589
