t stim (s)	Athr (Pa)
1e-05	nan
3.5938136638046256e-05	nan
0.0001291549665014884	nan
0.0004641588833612782	nan
