PRF (Hz)	FR
12.375000000000002	nan
13.594446632096036	nan
14.934058927911696	nan
16.405678149177596	nan
18.02231240907789	nan
19.79825165512497	nan
21.749193982578053	nan
23.892384394930215	nan
26.246767238012357	nan
28.833153655127727	nan
31.67440554340676	nan
34.795637637431106	nan
38.22443950640884	nan
41.99111942720469	nan
46.12897228889739	nan
