gamma1 (-)	gamma2 (-)	rmse (mV)
0.0	0.0	1.8103757960272985e-05
0.0	0.8	3.2839464153105564
0.0	1.6	0.9091110864633524
0.8	0.0	3.2839488202733884
0.8	0.8	6.126946915906416
0.8	1.6	0.88090371518646
1.6	0.0	0.9091110864633524
1.6	0.8	0.88090371518646
1.6	1.6	1.0422925503411278
