tstim (s)	A (Pa)

1e-05	nan
1.8329807108324375e-05	nan
3.359818286283781e-05	nan
6.158482110660267e-05	nan
0.00011288378916846884	nan
0.00020691380811147902	nan
0.000379269019073225	nan
0.0006951927961775605	nan
0.0012742749857031334	nan
0.002335721469090121	nan
0.004281332398719391	117070.31249999994
0.007847599703514606	48984.37499999997
0.01438449888287663	34746.093749999985
0.026366508987303583	30703.124999999985
0.04832930238571752	28828.124999999985
0.08858667904100823	27832.031249999985
0.1623776739188721	27480.468749999985
0.2976351441631319	27363.281249999985
0.5455594781168515	27363.281249999985
1.0	27363.281249999985